164.0,101.0,216.0,174.0,193.0,170.0,173.0,139.0,192.0,164.0,86.0,234.0,176.0,118.0,207.0,174.0,211.0,176.0,171.0,218.0,169.0,173.0,171.0,171.0,165.0,102.0,214.0,175.0,190.0,168.0,174.0,228.0,160.0,174.0,232.0,157.0,175.0,209.0,157.0,173.0,171.0,171.0,0.0
164.0,101.0,216.0,174.0,193.0,170.0,173.0,139.0,192.0,164.0,86.0,234.0,176.0,118.0,207.0,174.0,211.0,176.0,171.0,218.0,169.0,173.0,171.0,171.0,165.0,102.0,214.0,175.0,190.0,168.0,174.0,228.0,160.0,174.0,232.0,157.0,175.0,208.0,158.0,173.0,171.0,171.0,0.0
164.0,101.0,216.0,174.0,193.0,170.0,173.0,139.0,192.0,164.0,86.0,234.0,176.0,118.0,207.0,174.0,211.0,176.0,171.0,218.0,169.0,173.0,171.0,171.0,165.0,102.0,214.0,175.0,190.0,168.0,174.0,228.0,160.0,174.0,232.0,157.0,175.0,208.0,158.0,173.0,171.0,171.0,0.0
164.0,101.0,216.0,174.0,193.0,170.0,173.0,139.0,192.0,164.0,86.0,234.0,176.0,118.0,207.0,174.0,211.0,176.0,171.0,218.0,169.0,173.0,171.0,171.0,165.0,102.0,214.0,175.0,190.0,168.0,174.0,228.0,160.0,174.0,232.0,157.0,175.0,208.0,158.0,173.0,171.0,171.0,0.0
164.0,101.0,216.0,174.0,193.0,170.0,173.0,139.0,192.0,164.0,86.0,234.0,176.0,118.0,207.0,174.0,211.0,176.0,171.0,218.0,169.0,173.0,171.0,171.0,165.0,102.0,214.0,175.0,190.0,168.0,174.0,228.0,160.0,174.0,232.0,157.0,175.0,208.0,158.0,173.0,171.0,171.0,0.0
164.0,101.0,216.0,174.0,193.0,170.0,173.0,139.0,192.0,164.0,86.0,234.0,176.0,118.0,207.0,174.0,211.0,176.0,171.0,218.0,169.0,173.0,171.0,171.0,165.0,102.0,214.0,175.0,190.0,168.0,174.0,228.0,160.0,174.0,232.0,157.0,175.0,208.0,158.0,173.0,175.0,171.0,0.0
164.0,101.0,216.0,174.0,193.0,170.0,173.0,139.0,192.0,164.0,86.0,234.0,175.0,116.0,206.0,174.0,211.0,176.0,171.0,218.0,169.0,173.0,171.0,171.0,165.0,102.0,214.0,175.0,190.0,168.0,174.0,228.0,160.0,174.0,232.0,157.0,175.0,208.0,158.0,173.0,175.0,171.0,0.0
164.0,101.0,216.0,174.0,193.0,170.0,173.0,139.0,192.0,164.0,86.0,234.0,175.0,116.0,206.0,174.0,211.0,176.0,171.0,218.0,169.0,173.0,171.0,171.0,165.0,102.0,214.0,175.0,190.0,168.0,174.0,228.0,160.0,174.0,232.0,157.0,175.0,208.0,158.0,173.0,175.0,171.0,0.0
164.0,101.0,216.0,174.0,193.0,170.0,173.0,139.0,192.0,164.0,86.0,234.0,175.0,116.0,206.0,174.0,211.0,176.0,171.0,218.0,169.0,173.0,171.0,171.0,165.0,102.0,214.0,175.0,190.0,168.0,174.0,228.0,160.0,174.0,232.0,157.0,175.0,208.0,158.0,173.0,175.0,171.0,0.0
164.0,101.0,216.0,174.0,193.0,170.0,173.0,139.0,192.0,164.0,86.0,234.0,175.0,116.0,206.0,174.0,211.0,176.0,171.0,218.0,169.0,173.0,171.0,171.0,165.0,102.0,214.0,175.0,190.0,168.0,174.0,228.0,160.0,174.0,232.0,157.0,175.0,208.0,158.0,173.0,175.0,171.0,0.0
164.0,101.0,216.0,174.0,193.0,170.0,173.0,139.0,192.0,164.0,86.0,234.0,175.0,116.0,206.0,174.0,211.0,176.0,171.0,218.0,169.0,173.0,171.0,171.0,165.0,102.0,214.0,175.0,190.0,168.0,174.0,228.0,160.0,174.0,232.0,157.0,175.0,208.0,158.0,173.0,175.0,171.0,0.0
164.0,101.0,216.0,174.0,193.0,170.0,173.0,139.0,192.0,164.0,86.0,234.0,175.0,116.0,206.0,174.0,211.0,176.0,172.0,216.0,169.0,173.0,171.0,171.0,165.0,102.0,214.0,175.0,190.0,168.0,174.0,228.0,160.0,174.0,232.0,157.0,175.0,208.0,158.0,173.0,175.0,171.0,0.0
164.0,101.0,216.0,174.0,193.0,170.0,173.0,139.0,192.0,164.0,86.0,234.0,175.0,116.0,206.0,172.0,203.0,173.0,172.0,216.0,169.0,173.0,171.0,171.0,165.0,102.0,214.0,175.0,190.0,168.0,174.0,228.0,160.0,174.0,232.0,157.0,175.0,208.0,158.0,173.0,175.0,171.0,0.0
164.0,101.0,216.0,174.0,193.0,170.0,173.0,139.0,192.0,164.0,86.0,234.0,175.0,116.0,206.0,172.0,203.0,173.0,172.0,216.0,169.0,173.0,171.0,171.0,165.0,102.0,214.0,175.0,190.0,168.0,174.0,228.0,160.0,174.0,232.0,157.0,175.0,208.0,158.0,173.0,175.0,171.0,0.0
164.0,101.0,216.0,174.0,193.0,170.0,173.0,139.0,192.0,164.0,86.0,234.0,175.0,116.0,206.0,172.0,203.0,173.0,172.0,216.0,169.0,173.0,171.0,171.0,165.0,102.0,214.0,175.0,190.0,168.0,174.0,228.0,160.0,174.0,232.0,157.0,175.0,208.0,158.0,173.0,175.0,171.0,0.0
164.0,101.0,216.0,174.0,193.0,170.0,173.0,139.0,192.0,164.0,86.0,234.0,175.0,116.0,206.0,172.0,203.0,173.0,172.0,216.0,169.0,173.0,171.0,171.0,165.0,102.0,214.0,175.0,190.0,168.0,174.0,228.0,160.0,174.0,232.0,157.0,175.0,208.0,158.0,173.0,175.0,171.0,0.0
164.0,101.0,216.0,174.0,193.0,170.0,173.0,139.0,192.0,164.0,86.0,234.0,175.0,116.0,206.0,172.0,203.0,173.0,172.0,216.0,169.0,173.0,171.0,171.0,165.0,102.0,214.0,175.0,190.0,168.0,176.0,224.0,161.0,174.0,232.0,157.0,175.0,208.0,158.0,173.0,175.0,171.0,0.0
164.0,101.0,216.0,174.0,193.0,170.0,173.0,139.0,192.0,164.0,86.0,234.0,175.0,116.0,206.0,172.0,203.0,173.0,172.0,216.0,169.0,173.0,171.0,171.0,153.0,103.0,215.0,175.0,190.0,168.0,176.0,224.0,161.0,174.0,232.0,157.0,175.0,208.0,158.0,173.0,175.0,171.0,0.0
164.0,101.0,216.0,172.0,198.0,171.0,173.0,139.0,192.0,164.0,86.0,234.0,175.0,116.0,206.0,172.0,203.0,173.0,172.0,216.0,169.0,173.0,171.0,171.0,153.0,103.0,215.0,175.0,190.0,168.0,176.0,224.0,161.0,174.0,232.0,157.0,175.0,208.0,158.0,173.0,175.0,171.0,0.0
164.0,101.0,216.0,172.0,198.0,171.0,173.0,139.0,192.0,164.0,86.0,234.0,175.0,116.0,206.0,172.0,203.0,173.0,172.0,216.0,169.0,173.0,171.0,171.0,153.0,103.0,215.0,175.0,190.0,168.0,176.0,224.0,161.0,174.0,232.0,157.0,175.0,208.0,158.0,173.0,175.0,171.0,0.0
164.0,101.0,216.0,172.0,198.0,171.0,173.0,138.0,193.0,164.0,86.0,234.0,175.0,116.0,206.0,172.0,203.0,173.0,172.0,216.0,169.0,173.0,171.0,171.0,153.0,103.0,215.0,175.0,190.0,168.0,176.0,224.0,161.0,172.0,234.0,158.0,175.0,208.0,158.0,173.0,175.0,171.0,0.0
164.0,101.0,216.0,172.0,198.0,171.0,173.0,138.0,193.0,164.0,86.0,234.0,175.0,116.0,206.0,172.0,203.0,173.0,172.0,216.0,169.0,173.0,171.0,171.0,153.0,103.0,215.0,175.0,190.0,168.0,176.0,224.0,161.0,172.0,234.0,158.0,175.0,208.0,158.0,173.0,175.0,171.0,0.0
164.0,101.0,216.0,172.0,198.0,171.0,173.0,138.0,193.0,164.0,86.0,234.0,175.0,116.0,206.0,172.0,203.0,173.0,172.0,216.0,169.0,173.0,171.0,171.0,153.0,103.0,215.0,175.0,190.0,168.0,176.0,224.0,161.0,172.0,234.0,158.0,175.0,208.0,158.0,173.0,175.0,171.0,0.0
164.0,101.0,216.0,172.0,198.0,171.0,173.0,138.0,193.0,164.0,86.0,235.0,175.0,116.0,206.0,172.0,203.0,173.0,172.0,216.0,169.0,173.0,171.0,171.0,153.0,103.0,215.0,175.0,190.0,168.0,176.0,224.0,161.0,172.0,234.0,158.0,175.0,208.0,158.0,173.0,175.0,171.0,0.0
164.0,101.0,216.0,172.0,198.0,171.0,173.0,138.0,193.0,164.0,86.0,235.0,175.0,116.0,206.0,172.0,203.0,173.0,172.0,216.0,169.0,173.0,171.0,171.0,153.0,103.0,215.0,175.0,190.0,168.0,176.0,224.0,161.0,172.0,234.0,158.0,175.0,208.0,158.0,173.0,175.0,171.0,0.0
164.0,101.0,216.0,172.0,198.0,171.0,173.0,138.0,193.0,164.0,86.0,235.0,175.0,116.0,206.0,172.0,203.0,173.0,172.0,216.0,169.0,173.0,171.0,171.0,153.0,103.0,215.0,175.0,190.0,168.0,176.0,224.0,161.0,172.0,234.0,158.0,175.0,208.0,158.0,173.0,175.0,171.0,0.0
164.0,101.0,216.0,172.0,198.0,171.0,173.0,138.0,193.0,164.0,86.0,235.0,175.0,116.0,206.0,172.0,203.0,173.0,172.0,216.0,169.0,173.0,171.0,171.0,153.0,103.0,215.0,175.0,190.0,168.0,176.0,224.0,161.0,172.0,234.0,158.0,175.0,208.0,158.0,173.0,175.0,171.0,0.0
164.0,101.0,216.0,172.0,198.0,171.0,173.0,138.0,193.0,164.0,86.0,235.0,175.0,116.0,206.0,172.0,203.0,173.0,172.0,216.0,169.0,173.0,171.0,171.0,153.0,103.0,215.0,175.0,190.0,168.0,176.0,224.0,161.0,172.0,234.0,158.0,175.0,208.0,158.0,173.0,175.0,171.0,0.0
164.0,101.0,216.0,172.0,198.0,171.0,173.0,138.0,193.0,164.0,86.0,235.0,175.0,116.0,206.0,172.0,203.0,173.0,172.0,216.0,169.0,173.0,173.0,172.0,153.0,103.0,215.0,175.0,190.0,168.0,176.0,224.0,161.0,172.0,234.0,158.0,175.0,208.0,158.0,173.0,175.0,171.0,0.0
164.0,101.0,216.0,172.0,198.0,171.0,173.0,138.0,193.0,164.0,86.0,235.0,175.0,116.0,206.0,172.0,203.0,173.0,172.0,216.0,169.0,173.0,173.0,172.0,153.0,103.0,215.0,175.0,190.0,168.0,176.0,224.0,161.0,172.0,234.0,158.0,175.0,208.0,158.0,173.0,175.0,171.0,0.0
175.0,103.0,217.0,172.0,198.0,171.0,173.0,138.0,193.0,164.0,86.0,235.0,175.0,116.0,206.0,172.0,203.0,173.0,172.0,216.0,169.0,173.0,173.0,172.0,153.0,103.0,215.0,175.0,190.0,168.0,176.0,224.0,161.0,172.0,234.0,158.0,175.0,208.0,158.0,173.0,175.0,171.0,0.0
175.0,103.0,217.0,172.0,198.0,171.0,173.0,138.0,193.0,164.0,86.0,235.0,175.0,116.0,206.0,172.0,203.0,173.0,172.0,216.0,169.0,173.0,173.0,172.0,153.0,103.0,215.0,175.0,190.0,168.0,176.0,224.0,161.0,172.0,234.0,158.0,175.0,208.0,158.0,173.0,175.0,171.0,0.0
175.0,103.0,217.0,172.0,198.0,171.0,173.0,138.0,193.0,164.0,86.0,235.0,175.0,116.0,206.0,172.0,203.0,173.0,172.0,216.0,169.0,173.0,173.0,172.0,153.0,103.0,215.0,175.0,190.0,168.0,176.0,224.0,161.0,172.0,234.0,158.0,175.0,208.0,158.0,173.0,175.0,171.0,0.0
175.0,103.0,217.0,172.0,198.0,171.0,173.0,138.0,193.0,164.0,86.0,235.0,175.0,116.0,206.0,172.0,203.0,173.0,172.0,216.0,169.0,173.0,173.0,172.0,153.0,103.0,215.0,175.0,190.0,168.0,176.0,224.0,161.0,172.0,234.0,158.0,175.0,208.0,158.0,173.0,175.0,171.0,0.0
175.0,103.0,217.0,172.0,198.0,171.0,173.0,138.0,193.0,164.0,86.0,235.0,175.0,116.0,206.0,172.0,203.0,173.0,172.0,216.0,169.0,173.0,173.0,172.0,153.0,103.0,215.0,175.0,190.0,168.0,176.0,224.0,161.0,172.0,234.0,158.0,174.0,214.0,158.0,173.0,175.0,171.0,0.0
175.0,103.0,217.0,172.0,198.0,171.0,173.0,138.0,193.0,164.0,86.0,235.0,175.0,116.0,206.0,172.0,203.0,173.0,172.0,216.0,169.0,173.0,173.0,172.0,153.0,103.0,215.0,175.0,190.0,168.0,176.0,224.0,161.0,172.0,234.0,158.0,174.0,214.0,158.0,173.0,175.0,171.0,0.0
175.0,103.0,217.0,172.0,198.0,171.0,173.0,138.0,193.0,164.0,86.0,235.0,175.0,116.0,206.0,172.0,203.0,173.0,172.0,216.0,169.0,173.0,173.0,172.0,153.0,103.0,215.0,175.0,190.0,168.0,176.0,224.0,161.0,172.0,234.0,158.0,174.0,214.0,158.0,173.0,175.0,171.0,0.0
175.0,103.0,217.0,172.0,198.0,171.0,173.0,138.0,193.0,164.0,86.0,235.0,175.0,116.0,206.0,172.0,203.0,173.0,172.0,216.0,169.0,173.0,173.0,172.0,153.0,103.0,215.0,175.0,190.0,168.0,176.0,224.0,161.0,172.0,234.0,158.0,174.0,214.0,158.0,173.0,175.0,171.0,0.0
175.0,103.0,217.0,172.0,198.0,171.0,173.0,138.0,193.0,164.0,86.0,235.0,175.0,116.0,206.0,172.0,203.0,173.0,172.0,216.0,169.0,173.0,173.0,172.0,153.0,103.0,215.0,176.0,189.0,166.0,176.0,224.0,161.0,172.0,234.0,158.0,174.0,214.0,158.0,173.0,175.0,171.0,0.0
175.0,103.0,217.0,172.0,198.0,171.0,173.0,138.0,193.0,164.0,86.0,235.0,175.0,116.0,206.0,172.0,203.0,173.0,172.0,216.0,169.0,173.0,173.0,172.0,153.0,103.0,215.0,176.0,189.0,166.0,176.0,224.0,161.0,172.0,234.0,158.0,174.0,214.0,158.0,173.0,175.0,171.0,0.0
175.0,103.0,217.0,172.0,198.0,171.0,173.0,138.0,193.0,164.0,86.0,235.0,175.0,116.0,206.0,172.0,203.0,173.0,172.0,216.0,169.0,173.0,173.0,172.0,153.0,103.0,215.0,176.0,189.0,166.0,176.0,224.0,161.0,172.0,234.0,158.0,174.0,214.0,158.0,173.0,175.0,171.0,0.0
175.0,103.0,217.0,172.0,198.0,171.0,173.0,138.0,193.0,164.0,86.0,235.0,175.0,116.0,206.0,172.0,203.0,173.0,172.0,216.0,169.0,173.0,173.0,172.0,153.0,103.0,215.0,176.0,189.0,166.0,176.0,224.0,161.0,172.0,234.0,158.0,174.0,214.0,158.0,173.0,175.0,171.0,0.0
175.0,103.0,217.0,172.0,198.0,171.0,173.0,138.0,193.0,164.0,86.0,235.0,175.0,116.0,206.0,172.0,203.0,173.0,172.0,216.0,169.0,173.0,173.0,172.0,153.0,103.0,215.0,176.0,189.0,166.0,176.0,224.0,161.0,172.0,234.0,158.0,174.0,214.0,158.0,173.0,175.0,171.0,0.0
175.0,103.0,217.0,172.0,198.0,171.0,173.0,138.0,193.0,164.0,86.0,235.0,175.0,116.0,206.0,172.0,203.0,173.0,172.0,216.0,169.0,173.0,173.0,172.0,153.0,103.0,215.0,176.0,189.0,166.0,176.0,224.0,161.0,172.0,234.0,158.0,174.0,214.0,158.0,173.0,175.0,171.0,0.0
175.0,103.0,217.0,172.0,198.0,171.0,173.0,138.0,193.0,164.0,86.0,235.0,175.0,116.0,206.0,172.0,203.0,173.0,172.0,216.0,169.0,173.0,173.0,172.0,153.0,103.0,215.0,176.0,189.0,166.0,176.0,224.0,161.0,172.0,234.0,158.0,174.0,214.0,158.0,173.0,175.0,171.0,0.0
175.0,103.0,217.0,172.0,198.0,171.0,173.0,138.0,193.0,164.0,86.0,235.0,175.0,116.0,206.0,172.0,203.0,173.0,172.0,216.0,169.0,173.0,173.0,172.0,153.0,103.0,215.0,176.0,189.0,166.0,176.0,224.0,161.0,172.0,234.0,158.0,174.0,214.0,158.0,173.0,175.0,171.0,0.0
175.0,103.0,217.0,172.0,198.0,171.0,173.0,138.0,193.0,164.0,86.0,235.0,175.0,116.0,206.0,172.0,203.0,173.0,172.0,216.0,169.0,173.0,173.0,172.0,153.0,103.0,215.0,176.0,189.0,166.0,176.0,224.0,161.0,172.0,234.0,158.0,174.0,214.0,158.0,173.0,173.0,171.0,0.0
175.0,103.0,217.0,172.0,198.0,171.0,173.0,138.0,193.0,164.0,86.0,235.0,176.0,120.0,207.0,174.0,203.0,173.0,172.0,216.0,169.0,173.0,173.0,172.0,153.0,103.0,215.0,176.0,189.0,166.0,176.0,224.0,161.0,172.0,234.0,158.0,174.0,214.0,158.0,173.0,173.0,171.0,0.0
175.0,103.0,217.0,172.0,198.0,171.0,173.0,138.0,193.0,164.0,86.0,235.0,176.0,120.0,207.0,174.0,203.0,173.0,172.0,216.0,169.0,173.0,173.0,172.0,153.0,103.0,215.0,176.0,189.0,166.0,176.0,224.0,161.0,172.0,234.0,158.0,174.0,214.0,158.0,173.0,173.0,171.0,0.0
175.0,103.0,217.0,172.0,198.0,171.0,173.0,138.0,193.0,164.0,86.0,235.0,176.0,120.0,207.0,174.0,203.0,173.0,172.0,216.0,169.0,173.0,173.0,172.0,153.0,103.0,215.0,176.0,189.0,166.0,176.0,224.0,161.0,172.0,234.0,158.0,174.0,214.0,158.0,173.0,173.0,171.0,0.0
175.0,103.0,217.0,172.0,198.0,171.0,173.0,138.0,193.0,164.0,86.0,235.0,176.0,120.0,207.0,174.0,203.0,173.0,172.0,216.0,169.0,173.0,173.0,172.0,153.0,103.0,215.0,176.0,189.0,166.0,176.0,224.0,161.0,172.0,234.0,158.0,174.0,214.0,158.0,173.0,173.0,171.0,0.0
175.0,103.0,217.0,172.0,198.0,171.0,173.0,138.0,193.0,164.0,86.0,235.0,176.0,120.0,207.0,174.0,203.0,173.0,172.0,216.0,169.0,173.0,173.0,172.0,153.0,103.0,215.0,176.0,189.0,166.0,176.0,224.0,161.0,172.0,234.0,158.0,174.0,214.0,158.0,173.0,173.0,171.0,0.0
175.0,103.0,217.0,172.0,198.0,171.0,173.0,138.0,193.0,164.0,86.0,235.0,176.0,120.0,207.0,174.0,203.0,173.0,172.0,216.0,169.0,173.0,173.0,172.0,153.0,103.0,215.0,176.0,189.0,166.0,176.0,224.0,161.0,172.0,234.0,158.0,174.0,214.0,158.0,173.0,173.0,171.0,0.0
175.0,103.0,217.0,172.0,198.0,171.0,173.0,138.0,193.0,164.0,86.0,235.0,176.0,120.0,207.0,174.0,203.0,173.0,174.0,216.0,168.0,173.0,173.0,172.0,153.0,103.0,215.0,176.0,189.0,166.0,176.0,224.0,161.0,173.0,238.0,158.0,174.0,214.0,158.0,173.0,173.0,171.0,0.0
175.0,103.0,217.0,172.0,198.0,171.0,173.0,138.0,193.0,164.0,86.0,235.0,176.0,120.0,207.0,174.0,203.0,173.0,174.0,216.0,168.0,173.0,173.0,172.0,153.0,103.0,215.0,176.0,189.0,166.0,176.0,224.0,161.0,173.0,238.0,158.0,174.0,214.0,158.0,173.0,173.0,171.0,0.0
175.0,103.0,217.0,172.0,198.0,171.0,173.0,138.0,193.0,164.0,86.0,235.0,176.0,120.0,207.0,174.0,203.0,173.0,174.0,216.0,168.0,173.0,173.0,172.0,153.0,103.0,215.0,176.0,189.0,166.0,176.0,224.0,161.0,173.0,238.0,158.0,174.0,214.0,158.0,173.0,173.0,171.0,0.0
175.0,103.0,217.0,172.0,198.0,171.0,173.0,138.0,193.0,164.0,86.0,235.0,176.0,120.0,207.0,174.0,203.0,173.0,174.0,216.0,168.0,173.0,173.0,172.0,153.0,103.0,215.0,176.0,189.0,166.0,176.0,224.0,161.0,173.0,238.0,158.0,174.0,214.0,158.0,173.0,173.0,171.0,0.0
175.0,103.0,217.0,172.0,198.0,171.0,173.0,138.0,193.0,164.0,86.0,235.0,176.0,120.0,207.0,174.0,203.0,173.0,174.0,216.0,168.0,173.0,173.0,172.0,173.0,104.0,214.0,176.0,189.0,166.0,174.0,226.0,159.0,173.0,238.0,158.0,174.0,214.0,158.0,173.0,173.0,171.0,0.0
175.0,103.0,217.0,172.0,198.0,171.0,173.0,138.0,193.0,164.0,86.0,235.0,176.0,120.0,207.0,174.0,203.0,173.0,174.0,216.0,168.0,173.0,173.0,172.0,173.0,104.0,214.0,176.0,189.0,166.0,174.0,226.0,159.0,173.0,238.0,158.0,174.0,214.0,158.0,173.0,173.0,171.0,0.0
175.0,103.0,217.0,172.0,198.0,171.0,172.0,140.0,192.0,164.0,86.0,235.0,176.0,120.0,207.0,174.0,203.0,173.0,174.0,216.0,168.0,173.0,173.0,172.0,173.0,104.0,214.0,176.0,189.0,166.0,174.0,226.0,159.0,173.0,238.0,158.0,174.0,214.0,158.0,173.0,173.0,171.0,0.0
175.0,103.0,217.0,172.0,198.0,171.0,172.0,140.0,192.0,164.0,86.0,235.0,176.0,120.0,207.0,174.0,203.0,173.0,174.0,216.0,168.0,173.0,173.0,172.0,173.0,104.0,214.0,176.0,189.0,166.0,174.0,226.0,159.0,173.0,238.0,158.0,174.0,214.0,158.0,173.0,173.0,171.0,0.0
175.0,103.0,217.0,172.0,198.0,171.0,172.0,140.0,192.0,164.0,86.0,235.0,176.0,120.0,207.0,174.0,203.0,173.0,174.0,216.0,168.0,173.0,173.0,172.0,173.0,104.0,214.0,176.0,189.0,166.0,174.0,226.0,159.0,173.0,238.0,158.0,174.0,214.0,158.0,173.0,173.0,171.0,0.0
175.0,103.0,217.0,172.0,198.0,171.0,172.0,140.0,192.0,164.0,86.0,235.0,176.0,120.0,207.0,174.0,203.0,173.0,174.0,216.0,168.0,173.0,173.0,172.0,173.0,104.0,214.0,176.0,189.0,166.0,174.0,226.0,159.0,173.0,238.0,158.0,174.0,214.0,158.0,173.0,173.0,171.0,0.0
175.0,103.0,217.0,172.0,198.0,171.0,172.0,140.0,192.0,174.0,88.0,236.0,176.0,120.0,207.0,174.0,203.0,173.0,174.0,216.0,168.0,173.0,173.0,172.0,173.0,104.0,214.0,176.0,189.0,166.0,174.0,226.0,159.0,173.0,238.0,158.0,174.0,214.0,158.0,173.0,173.0,171.0,0.0
175.0,103.0,217.0,172.0,196.0,170.0,172.0,140.0,192.0,174.0,88.0,236.0,176.0,120.0,207.0,174.0,203.0,173.0,174.0,216.0,168.0,172.0,173.0,171.0,173.0,104.0,214.0,176.0,189.0,166.0,174.0,226.0,159.0,173.0,238.0,158.0,174.0,214.0,158.0,173.0,173.0,171.0,0.0
175.0,103.0,217.0,172.0,196.0,170.0,172.0,140.0,192.0,174.0,88.0,236.0,176.0,120.0,207.0,174.0,203.0,173.0,174.0,216.0,168.0,172.0,173.0,171.0,173.0,104.0,214.0,176.0,189.0,166.0,174.0,226.0,159.0,173.0,238.0,158.0,174.0,214.0,158.0,173.0,173.0,171.0,0.0
175.0,103.0,217.0,172.0,196.0,170.0,172.0,140.0,192.0,174.0,88.0,236.0,176.0,120.0,207.0,174.0,203.0,173.0,174.0,216.0,168.0,172.0,173.0,171.0,173.0,104.0,214.0,176.0,189.0,166.0,174.0,226.0,159.0,173.0,238.0,158.0,174.0,214.0,158.0,173.0,173.0,171.0,0.0
175.0,103.0,217.0,172.0,196.0,170.0,172.0,140.0,192.0,174.0,88.0,236.0,176.0,120.0,207.0,174.0,203.0,173.0,174.0,216.0,168.0,172.0,173.0,171.0,173.0,104.0,214.0,176.0,189.0,166.0,174.0,226.0,159.0,173.0,238.0,158.0,174.0,214.0,158.0,173.0,173.0,171.0,0.0
175.0,103.0,217.0,172.0,196.0,170.0,172.0,140.0,192.0,174.0,88.0,236.0,176.0,120.0,207.0,174.0,203.0,173.0,174.0,216.0,168.0,172.0,173.0,171.0,173.0,104.0,214.0,176.0,189.0,166.0,174.0,226.0,159.0,173.0,238.0,158.0,174.0,214.0,158.0,173.0,173.0,171.0,0.0
175.0,103.0,217.0,172.0,196.0,170.0,172.0,140.0,192.0,174.0,88.0,236.0,176.0,120.0,207.0,174.0,203.0,173.0,174.0,216.0,168.0,172.0,173.0,171.0,173.0,104.0,214.0,176.0,189.0,166.0,174.0,226.0,159.0,173.0,238.0,158.0,174.0,214.0,158.0,173.0,173.0,171.0,0.0
175.0,103.0,217.0,172.0,196.0,170.0,172.0,140.0,192.0,174.0,88.0,236.0,176.0,120.0,207.0,174.0,203.0,173.0,174.0,216.0,168.0,172.0,173.0,171.0,173.0,104.0,214.0,176.0,189.0,166.0,174.0,226.0,159.0,173.0,238.0,158.0,174.0,214.0,158.0,173.0,173.0,171.0,0.0
175.0,100.0,216.0,172.0,196.0,170.0,172.0,140.0,192.0,174.0,88.0,236.0,176.0,120.0,207.0,174.0,203.0,173.0,174.0,216.0,168.0,172.0,173.0,171.0,173.0,104.0,214.0,176.0,189.0,166.0,174.0,226.0,159.0,173.0,238.0,158.0,174.0,214.0,158.0,173.0,173.0,171.0,0.0
175.0,100.0,216.0,172.0,196.0,170.0,172.0,140.0,192.0,174.0,88.0,236.0,176.0,120.0,207.0,174.0,203.0,173.0,174.0,216.0,168.0,172.0,173.0,171.0,173.0,104.0,214.0,174.0,192.0,167.0,174.0,226.0,159.0,173.0,238.0,158.0,174.0,214.0,158.0,173.0,173.0,171.0,0.0
175.0,100.0,216.0,172.0,196.0,170.0,172.0,140.0,192.0,174.0,88.0,236.0,176.0,120.0,207.0,174.0,203.0,173.0,174.0,216.0,168.0,172.0,173.0,171.0,173.0,104.0,214.0,174.0,192.0,167.0,174.0,226.0,159.0,173.0,238.0,158.0,174.0,214.0,158.0,173.0,173.0,171.0,0.0
175.0,100.0,216.0,172.0,196.0,170.0,172.0,140.0,192.0,174.0,88.0,236.0,176.0,120.0,207.0,174.0,203.0,173.0,174.0,216.0,168.0,172.0,173.0,171.0,173.0,104.0,214.0,174.0,192.0,167.0,174.0,226.0,159.0,173.0,238.0,158.0,174.0,214.0,158.0,173.0,173.0,171.0,0.0
175.0,100.0,216.0,172.0,196.0,170.0,172.0,140.0,192.0,174.0,88.0,236.0,176.0,120.0,207.0,174.0,203.0,173.0,174.0,216.0,168.0,172.0,173.0,171.0,173.0,104.0,214.0,174.0,192.0,167.0,174.0,226.0,159.0,173.0,238.0,158.0,173.0,207.0,156.0,173.0,173.0,171.0,0.0
175.0,100.0,216.0,172.0,196.0,170.0,172.0,140.0,192.0,174.0,88.0,236.0,176.0,120.0,207.0,174.0,203.0,173.0,174.0,216.0,168.0,172.0,173.0,171.0,173.0,104.0,214.0,174.0,192.0,167.0,174.0,226.0,159.0,173.0,238.0,158.0,173.0,207.0,156.0,173.0,173.0,171.0,0.0
175.0,100.0,216.0,172.0,196.0,170.0,172.0,140.0,192.0,174.0,88.0,236.0,176.0,120.0,207.0,174.0,203.0,173.0,174.0,216.0,168.0,172.0,173.0,171.0,173.0,104.0,214.0,174.0,192.0,167.0,174.0,226.0,159.0,173.0,238.0,158.0,173.0,207.0,156.0,173.0,173.0,171.0,0.0
175.0,100.0,216.0,172.0,196.0,170.0,172.0,140.0,192.0,174.0,88.0,236.0,176.0,120.0,207.0,174.0,203.0,173.0,174.0,216.0,168.0,172.0,173.0,171.0,173.0,104.0,214.0,174.0,192.0,167.0,174.0,226.0,159.0,173.0,238.0,158.0,173.0,207.0,156.0,173.0,173.0,171.0,0.0
175.0,100.0,216.0,172.0,196.0,170.0,172.0,140.0,192.0,174.0,88.0,236.0,176.0,120.0,207.0,174.0,203.0,173.0,174.0,216.0,168.0,172.0,173.0,171.0,173.0,104.0,214.0,174.0,192.0,167.0,174.0,226.0,159.0,173.0,238.0,158.0,173.0,207.0,156.0,173.0,173.0,171.0,0.0
175.0,100.0,216.0,172.0,196.0,170.0,172.0,140.0,192.0,174.0,88.0,236.0,176.0,120.0,207.0,174.0,203.0,173.0,174.0,216.0,168.0,172.0,173.0,171.0,173.0,104.0,214.0,174.0,192.0,167.0,174.0,226.0,159.0,173.0,238.0,158.0,173.0,207.0,156.0,173.0,173.0,171.0,0.0
175.0,100.0,216.0,172.0,196.0,170.0,172.0,140.0,192.0,174.0,88.0,236.0,176.0,120.0,207.0,174.0,203.0,173.0,174.0,216.0,168.0,172.0,173.0,171.0,173.0,104.0,214.0,174.0,192.0,167.0,174.0,226.0,159.0,173.0,238.0,158.0,173.0,207.0,156.0,173.0,173.0,171.0,0.0
175.0,100.0,216.0,172.0,196.0,170.0,172.0,140.0,192.0,174.0,88.0,236.0,176.0,120.0,207.0,174.0,203.0,173.0,174.0,216.0,168.0,172.0,173.0,171.0,173.0,104.0,214.0,174.0,192.0,167.0,174.0,226.0,159.0,173.0,238.0,158.0,173.0,207.0,156.0,173.0,173.0,171.0,0.0
175.0,100.0,216.0,172.0,196.0,170.0,172.0,140.0,192.0,174.0,88.0,236.0,176.0,120.0,207.0,174.0,203.0,173.0,174.0,216.0,168.0,172.0,173.0,171.0,173.0,104.0,214.0,174.0,192.0,167.0,174.0,226.0,159.0,173.0,238.0,158.0,173.0,207.0,156.0,173.0,173.0,171.0,0.0
175.0,100.0,216.0,172.0,196.0,170.0,172.0,140.0,192.0,174.0,88.0,236.0,176.0,120.0,207.0,174.0,203.0,173.0,174.0,216.0,168.0,172.0,173.0,171.0,173.0,104.0,214.0,174.0,192.0,167.0,174.0,226.0,159.0,173.0,238.0,158.0,173.0,207.0,156.0,173.0,173.0,171.0,0.0
175.0,100.0,216.0,172.0,196.0,170.0,172.0,140.0,192.0,174.0,88.0,236.0,176.0,120.0,207.0,174.0,203.0,173.0,174.0,216.0,168.0,172.0,173.0,171.0,173.0,104.0,214.0,174.0,192.0,167.0,174.0,226.0,159.0,173.0,238.0,158.0,173.0,207.0,156.0,173.0,173.0,171.0,0.0
175.0,100.0,216.0,172.0,196.0,170.0,172.0,140.0,192.0,174.0,88.0,236.0,176.0,120.0,207.0,174.0,203.0,173.0,174.0,216.0,168.0,172.0,173.0,171.0,173.0,104.0,214.0,174.0,192.0,167.0,174.0,226.0,159.0,173.0,238.0,158.0,173.0,207.0,156.0,173.0,173.0,171.0,0.0
175.0,100.0,216.0,172.0,196.0,170.0,172.0,140.0,192.0,174.0,88.0,236.0,176.0,118.0,208.0,174.0,203.0,175.0,174.0,216.0,168.0,172.0,173.0,171.0,173.0,104.0,214.0,174.0,192.0,167.0,174.0,226.0,159.0,173.0,238.0,158.0,173.0,207.0,156.0,173.0,173.0,171.0,0.0
175.0,100.0,216.0,172.0,196.0,170.0,172.0,140.0,192.0,174.0,88.0,236.0,176.0,118.0,208.0,174.0,203.0,175.0,174.0,216.0,168.0,172.0,173.0,171.0,173.0,104.0,214.0,174.0,192.0,167.0,175.0,229.0,161.0,173.0,238.0,158.0,173.0,207.0,156.0,173.0,173.0,171.0,0.0
175.0,100.0,216.0,172.0,196.0,170.0,172.0,140.0,192.0,174.0,88.0,236.0,176.0,118.0,208.0,174.0,203.0,175.0,173.0,213.0,169.0,172.0,173.0,171.0,173.0,104.0,214.0,174.0,192.0,167.0,175.0,229.0,161.0,173.0,238.0,158.0,173.0,207.0,156.0,173.0,173.0,171.0,0.0
175.0,100.0,216.0,172.0,196.0,170.0,172.0,140.0,192.0,174.0,88.0,236.0,176.0,118.0,208.0,174.0,203.0,175.0,173.0,213.0,169.0,172.0,173.0,171.0,173.0,104.0,214.0,174.0,192.0,167.0,175.0,229.0,161.0,173.0,238.0,158.0,173.0,207.0,156.0,173.0,175.0,172.0,0.0
175.0,100.0,216.0,172.0,196.0,170.0,172.0,140.0,192.0,174.0,88.0,236.0,176.0,118.0,208.0,174.0,203.0,175.0,173.0,213.0,169.0,172.0,173.0,171.0,173.0,104.0,214.0,174.0,192.0,167.0,175.0,229.0,161.0,173.0,238.0,158.0,173.0,207.0,156.0,173.0,175.0,172.0,0.0
175.0,100.0,216.0,172.0,196.0,170.0,172.0,140.0,192.0,174.0,88.0,236.0,176.0,118.0,208.0,174.0,203.0,175.0,173.0,213.0,169.0,172.0,173.0,171.0,173.0,104.0,214.0,174.0,192.0,167.0,175.0,229.0,161.0,173.0,238.0,158.0,173.0,207.0,156.0,173.0,175.0,172.0,0.0
175.0,100.0,216.0,172.0,196.0,170.0,172.0,140.0,192.0,174.0,88.0,236.0,176.0,118.0,208.0,174.0,203.0,175.0,173.0,213.0,169.0,172.0,173.0,171.0,173.0,104.0,214.0,174.0,192.0,167.0,175.0,229.0,161.0,173.0,238.0,158.0,173.0,207.0,156.0,173.0,175.0,172.0,0.0
175.0,100.0,216.0,172.0,196.0,170.0,172.0,140.0,192.0,174.0,88.0,236.0,176.0,118.0,208.0,174.0,203.0,175.0,173.0,213.0,169.0,172.0,173.0,171.0,173.0,104.0,214.0,174.0,192.0,167.0,175.0,229.0,161.0,173.0,238.0,158.0,173.0,207.0,156.0,173.0,175.0,172.0,0.0
175.0,100.0,216.0,172.0,196.0,170.0,172.0,140.0,192.0,174.0,88.0,236.0,176.0,118.0,208.0,174.0,203.0,175.0,173.0,213.0,169.0,172.0,173.0,171.0,173.0,104.0,214.0,174.0,192.0,167.0,175.0,229.0,161.0,173.0,238.0,158.0,173.0,207.0,156.0,173.0,175.0,172.0,0.0
175.0,100.0,216.0,172.0,196.0,170.0,172.0,140.0,192.0,174.0,88.0,236.0,176.0,118.0,208.0,174.0,203.0,175.0,173.0,213.0,169.0,172.0,173.0,171.0,173.0,104.0,214.0,174.0,192.0,167.0,175.0,229.0,161.0,173.0,238.0,158.0,173.0,207.0,156.0,173.0,175.0,172.0,0.0
175.0,100.0,216.0,172.0,196.0,170.0,172.0,140.0,192.0,174.0,88.0,236.0,176.0,118.0,208.0,174.0,203.0,175.0,173.0,213.0,169.0,172.0,173.0,171.0,173.0,104.0,214.0,174.0,192.0,167.0,175.0,229.0,161.0,173.0,238.0,158.0,173.0,207.0,156.0,173.0,175.0,172.0,0.0
175.0,100.0,216.0,172.0,198.0,170.0,172.0,140.0,192.0,174.0,88.0,236.0,176.0,118.0,208.0,174.0,203.0,175.0,173.0,213.0,169.0,172.0,173.0,171.0,173.0,104.0,214.0,174.0,192.0,167.0,175.0,229.0,161.0,173.0,238.0,158.0,173.0,207.0,156.0,173.0,175.0,172.0,0.0
175.0,100.0,216.0,172.0,198.0,170.0,174.0,141.0,193.0,174.0,88.0,236.0,176.0,118.0,208.0,174.0,203.0,175.0,173.0,213.0,169.0,172.0,173.0,171.0,173.0,104.0,214.0,174.0,192.0,167.0,175.0,229.0,161.0,173.0,238.0,158.0,173.0,207.0,156.0,173.0,175.0,172.0,0.0
